{
    "description": "项目配置文件。",
    "packOptions": {
        "ignore": []
    },
    "setting": {
        "urlCheck": true,
        "scopeDataCheck": false,
        "coverView": true,
        "es6": false,
        "postcss": true,
        "compileHotReLoad": false,
        "lazyloadPlaceholderEnable": false,
        "preloadBackgroundData": false,
        "minified": true,
        "autoAudits": false,
        "newFeature": false,
        "uglifyFileName": false,
        "uploadWithSourceMap": true,
        "useIsolateContext": false,
        "nodeModules": false,
        "enhance": true,
        "useMultiFrameRuntime": true,
        "useApiHook": true,
        "useApiHostProcess": true,
        "showShadowRootInWxmlPanel": true,
        "packNpmManually": false,
        "packNpmRelationList": [],
        "minifyWXSS": true,
        "disableUseStrict": false,
        "minifyWXML": true
    },
    "compileType": "miniprogram",
    "libVersion": "2.21.0",
    "appid": "",
    "projectname": "MiniApp%E7%BD%91%E6%98%93%E4%BC%9A%E8%AE%AE%E7%BB%84%E4%BB%B6",
    "isGameTourist": false,
    "simulatorType": "wechat",
    "simulatorPluginLibVersion": {},
    "condition": {
        "search": {
            "list": []
        },
        "conversation": {
            "list": []
        },
        "plugin": {
            "list": []
        },
        "game": {
            "currentL": -1,
            "list": []
        },
        "miniprogram": {
            "list": [
                {
                    "id": 0,
                    "name": "nrtc",
                    "pathName": "pages/nrtc/nrtc",
                    "query": "",
                    "scene": null
                },
                {
                    "id": -1,
                    "name": "rtc",
                    "pathName": "pages/rtc/rtc",
                    "query": "",
                    "scene": null
                }
            ]
        }
    }
}