{
    "description": "项目配置文件。",
    "packOptions": {
      "ignore": []
    },
    "setting": {
      "urlCheck": false,
      "es6": true,
      "enhance": true,
      "postcss": true,
      "preloadBackgroundData": false,
      "minified": true,
      "newFeature": false,
      "coverView": true,
      "nodeModules": false,
      "autoAudits": false,
      "showShadowRootInWxmlPanel": true,
      "scopeDataCheck": false,
      "uglifyFileName": false,
      "checkInvalidKey": true,
      "checkSiteMap": true,
      "uploadWithSourceMap": true,
      "compileHotReLoad": false,
      "lazyloadPlaceholderEnable": false,
      "useMultiFrameRuntime": true,
      "useApiHook": true,
      "useApiHostProcess": true,
      "babelSetting": {
        "ignore": [],
        "disablePlugins": [],
        "outputPath": ""
      },
      "enableEngineNative": false,
      "useIsolateContext": true,
      "userConfirmedBundleSwitch": false,
      "packNpmManually": false,
      "packNpmRelationList": [],
      "minifyWXSS": true,
      "disableUseStrict": false,
      "showES6CompileOption": false,
      "useCompilerPlugins": false,
      "minifyWXML": true
    },
    "compileType": "miniprogram",
    "libVersion": "2.21.0",
    "appid": "",
    "projectname": "MiniApp%E7%BD%91%E6%98%93%E4%BC%9A%E8%AE%AE%E7%BB%84%E4%BB%B6",
    "isGameTourist": false,
    "simulatorType": "wechat",
    "simulatorPluginLibVersion": {},
    "condition": {
      "search": {
        "list": []
      },
      "conversation": {
        "list": []
      },
      "plugin": {
        "list": []
      },
      "game": {
        "currentL": -1,
        "list": []
      },
      "miniprogram": {
        "list": [
          {
            "id": 0,
            "name": "nrtc",
            "pathName": "pages/nrtc/nrtc",
            "query": "",
            "scene": null
          },
          {
            "id": -1,
            "name": "rtc",
            "pathName": "pages/rtc/rtc",
            "query": "",
            "scene": null
          }
        ]
      }
    }
  }