{
  "setting": {},
  "condition": {
    "plugin": {
      "list": []
    },
    "game": {
      "list": []
    },
    "gamePlugin": {
      "list": []
    },
    "miniprogram": {
      "list": [
        {
          "name": "很全的参数入会",
          "pathName": "pages/meeting/index",
          "query": "roomId=7486958553&nickName=%E5%8D%81%E6%9C%88&username=17000000000&password=12345678&openCamera=true&openMicrophone=false&appKey=092dcd94d2c2566d1ed66061891cdf15&baseDomain=https%3A%2F%2Fmeeting-api-test.netease.im",
          "scene": null
        },
        {
          "name": "很全的参数入会-双关",
          "pathName": "pages/meeting/index",
          "query": "debug=false&roomId=7486958553&nickName=%E5%8D%81%E6%9C%88&username=17000000000&password=12345678&openCamera=false&openMicrophone=false&appKey=092dcd94d2c2566d1ed66061891cdf15&baseDomain=https%3A%2F%2Fmeeting-api-test.netease.im",
          "scene": null
        },
        {
          "name": "pages/join/join",
          "pathName": "pages/join/join",
          "query": "提测了",
          "scene": null
        }
      ]
    }
  }
}